"paper_id","doi","title","journal"
"55_1","https://doi.org/10.1093/sysbio/syag027","Integrating Secondary Structure Information Enhances Phylogenetic Signal in Mitochondrial Protein Coding Genes","Systematic Biology"
"43_1","https://doi.org/10.1080/24705357.2026.2733051","Assessing jumping ability in three endemic leuciscid (Cypriniformes) fish species","Journal of Ecohydraulics"
"71_1","https://doi.org/10.1002/wsb.70053","The status quo is imperiled: Acknowledging the issue of range‐shifting wildlife species","Wildlife Society Bulletin"
"62_1","https://doi.org/10.1111/1365-2664.70344","Unravelling the spatial and temporal variability of natural disturbances in European forests","Journal of Applied Ecology"
"6_16","https://doi.org/10.1002/eap.70298","Limited capacity of habitat features to buffer grassland bird declines","Ecological Applications"
"66_1","https://doi.org/10.1007/s13157-026-02048-5","Ecological Character Under the Ramsar Convention on Wetlands: A Sea Anchor or a Raft of Options?","Wetlands"
"57_1","https://doi.org/10.1002/oik.11817","Linking hierarchical assembly rules and diversity patterns of soil fungi in primary succession","Oikos"
"41_1","https://doi.org/10.1007/s10519-026-10261-5","Sociability is a Multidimensional Trait in Drosophila melanogaster","Behavior Genetics"
"8_16","https://doi.org/10.1093/beheco/arag015","Environmental variability affects individual variation in activity onset at large geographic scales","Behavioral Ecology"
"60_1","https://doi.org/10.1016/j.pedsph.2026.01.008","Unraveling the impact of diverse inhibitors on soil nitrogen emissions: the role of microbial community assembly across different soil types","Pedosphere"
"69_1","https://doi.org/10.3897/neobiota.107.182605","Regional impact risk classification (RIRC): A predictive framework for plant invasion impacts","NeoBiota"
"42_1","https://doi.org/10.1080/08920753.2026.2682007","From Uncertainty to Co-Production: Structural and Systemic Barriers to Salmon Recovery in Puget Sound","Coastal Management"
"53_1","https://doi.org/10.1002/tax.70145","(128) Request for a binding decision on whether Sehima Forssk. ( Poaceae ) and Schima Reinw. ex Blume ( Theaceae ) are sufficiently alike to be confused","Taxon"
"1_16","https://doi.org/10.1002/ecy.70458","Artificial light at night and an invasive snail synergistically enhance the invasion of a nonnative macrophyte","Ecology"
"2_16","https://doi.org/10.1093/jeb/voag019","Conflicting optical and mechanical needs drive the evolution of wing membrane thickness in Ithomiini clearwing butterflies","Journal of Evolutionary Biology"
"7_16","https://doi.org/10.1002/fee.70045","Biodiversity and biomass co‐regulate urban forest drought resistance","Frontiers in Ecology and the Environment"
"49_1","https://doi.org/10.1086/744047","Seasonal changes in nutrient limitation in spring-fed ecosystems of Florida, USA: the potential for manatee bioturbation to override nutrient inputs","Freshwater Science"
"47_1","https://doi.org/10.1093/evolinnean/kzag017","Whole genome assessment of the possibility of a third lineage of Galapagos giant tortoises on Santa Cruz Island","Evolutionary Journal of the Linnean Society"
"52_1","https://doi.org/10.1111/rec.70548","First assessment of brush‐harvested native seed mixes in southern Brazilian grasslands","Restoration Ecology"
"65_1","https://doi.org/10.1111/jvs.70170","Facilitation and Competition Show Opposite Trends With Increasing Environmental Stress in a Nurse Shrub System","Journal of Vegetation Science"
"38_1","https://doi.org/10.1111/cla.70029","Multi‐angle, cross‐domain fusion strategy enhances automated insect identification and hierarchical categorization: a case study on assassin bugs (Hemiptera: Reduviidae)","Cladistics"
"63_1","https://doi.org/10.1002/2688-8319.70297","SOS Cocodrilo Tampico: First‐responder actions to human–crocodile interactions in Northeastern Mexico","Ecological Solutions and Evidence"
"67_1","https://doi.org/10.1111/aje.70206","Assessment of Comparative Records of Bat Species Diversity in Different Land‐Use Types in the Mbam and Djerem, a Transitional Landscape of Central Africa","African Journal of Ecology"
"40_1","https://doi.org/10.1139/cjfr-2025-0322","Afforestation and mitigation of climate change: a mathematical model of the carbon–climate system","Canadian Journal of Forest Research"
"45_1","https://doi.org/10.1111/avsc.70088","Environmental Controls of Rainforest Tree Communities: Climate Change Implications for the Gondwana Rainforests","Applied Vegetation Science"
"39_1","https://doi.org/10.1111/aec.70192","The Influence of Climate and Livestock Grazing on Two Species of Burrowing Desert Frogs","Austral Ecology"
"59_1","https://doi.org/10.1007/s11252-026-02087-0","Rethinking urbanization effects on pollinators: a comprehensive review","Urban Ecosystems"
"56_1","https://doi.org/10.1002/rse2.70078","Monitoring of Crustose Coralline Algae Using Low‐Altitude Unmanned Aerial Vehicles in Intertidal Reefs","Remote Sensing in Ecology and Conservation"
"61_1","https://doi.org/10.1007/s10980-026-02407-x","Landscape optimization trade-offs and security boundary identification under multiple scenarios: balancing food production and ecological protection for regional sustainability","Landscape Ecology"
"5_16","https://doi.org/10.1002/ecs2.70681","The role of tree traits in explaining throughfall variability in US forests","Ecosphere"
"51_1","https://doi.org/10.65087/aehm.028.03.3","Aquatic invertebrate communities of Lake Erie coastal wetlands: taxa richness, community composition, and spatial distribution","Aquatic Ecosystem Health & Management"
"68_1","https://doi.org/10.1002/sae2.70160","Unravelling the Influence of Silicon Nanoparticles on Growth and Physiological Changes in Rice Under Cadmium Stress","Journal of Sustainable Agriculture and Environment"
"44_1","https://doi.org/10.2989/10220119.2025.2585815","Seasonal feeding selectivity and browse use by black rhinoceroses ( Diceros bicornis bicornis ) in a semi-arid Namibian reserve","African Journal of Range and Forage Science"
"70_1","https://doi.org/10.1016/j.yhbeh.2026.105921","Little evidence for group differences in 2D:4D ratios based on sexual orientation after adjusting for publication bias","Hormones and Behavior"
"58_1","https://doi.org/10.1002/pan3.70238","Key gaps remain in the definition and application of keystone species concepts for fisheries management: A systematic scoping review","People and Nature"
"9_16","https://doi.org/10.1002/ecm.70079","Probabilistic forecasting of coastal wetland elevation and soil carbon response to sea‐level rise","Ecological Monographs"
"3_16","https://doi.org/10.1111/ele.70352","Global Synthesis Reveals Context‐Dependent Plant Diversity Responses to CO 2 , Climate Change, and Nitrogen","Ecology Letters"
"54_1","https://doi.org/10.1016/j.paid.2026.114037","Registered Report Stage I: Beyond turbulence: How emotional intelligence and racial bias shape conflict effectiveness in airline personnel","Personality and Individual Differences"
"48_1","https://doi.org/10.1093/biolinnean/blag039","Adaptive toe biomechanical mechanisms underlying obstacle-crossing take-off of jerboas on sand and hard ground","Biological Journal of the Linnean Society"
"37_1","https://doi.org/10.1093/evlett/qrag023","A standardised framework for classifying estimates of reproductive isolation","Evolution Letters"
"46_1","https://doi.org/10.1017/inp.2026.10046","Bibliometric analysis of progress and challenges of bracken fern ( Pteridium aquilinum ) mapping with remote sensing","Invasive Plant Science and Management"
"4_16","https://doi.org/10.1086/743597","Coexistence of sexual and asexual reproduction in facultatively parthenogenetic populations under sexual conflict: an agent-based simulation","The American Naturalist"
"50_1","https://doi.org/10.21426/b6.54058","Oniscidea of Liguria (north-western Italy), with the description of a new species (Malacostraca: Isopoda)","Biogeographia – The Journal of Integrative Biogeography"
"10_16","https://doi.org/10.1098/rspb.2025.2530","Homophily in a multi-group vaccination game and its impact on disease dynamics","Proceedings of the Royal Society B Biological Sciences"
"64_1","https://doi.org/10.1093/conphys/coag029","Optimized methods for obtaining sequencing-quality RNA from blubber of free-ranging cetaceans collected under field conditions","Conservation Physiology"
