,journal,Jan,Feb,Mar,Apr,May,Jun,Jul,Aug,Sep,total,
32,Environmental Science and Pollution Research,119,81,116,73,89,83,113,72,85,831,
34,Estuarine Coastal and Shelf Science,31,38,54,52,61,56,62,52,53,459,
74,Proceedings of the Royal Society B Biological Sciences,52,60,43,65,62,43,46,33,18,422,
46,International Journal of Remote Sensing,53,48,30,33,35,39,51,41,47,377,
69,Personality and Individual Differences,43,45,46,49,40,48,39,29,36,375,
48,Journal of Applied Ecology,29,24,27,34,36,42,40,41,33,306,
53,Journal of Economic Entomology,27,25,41,37,31,31,52,24,20,288,
76,Restoration Ecology,32,25,27,30,29,36,28,28,24,259,
31,Ecosphere,17,25,30,34,44,27,23,22,33,255,
81,Urban Ecosystems,28,27,28,27,32,27,33,30,21,253,
33,Environmental Toxicology and Chemistry,31,20,32,24,24,34,37,20,26,248,
4,Animal Behaviour,22,40,27,30,29,24,22,23,27,244,
28,Ecology,20,25,27,23,29,13,21,3,55,216,
52,Journal of Ecology,17,30,22,28,22,31,19,25,16,210,
8,Archives of Sexual Behavior,26,31,29,27,33,29,5,3,16,199,
42,Functional Ecology,13,24,22,32,23,25,20,21,18,198,
68,People and Nature,13,20,32,29,27,19,21,12,20,193,
65,Oikos,27,24,26,13,20,21,28,10,23,192,
58,Journal of Threatened Taxa,15,26,18,15,26,20,24,18,25,187,
19,Conservation Biology,22,17,33,29,27,14,17,17,10,186,
22,Conservation Science and Practice,16,8,10,26,26,28,12,38,21,185,
61,Landscape Ecology,14,18,28,21,21,26,21,22,10,181,
44,ICES Journal of Marine Science,18,8,21,17,38,10,39,26,0,177,
36,Evolution,18,13,24,20,24,18,18,13,27,175,
35,European Journal of Soil Science,30,6,31,6,31,2,32,8,16,162,
45,Integrative and Comparative Biology,152,0,0,1,0,0,2,0,5,160,
78,Taxon,1,17,14,22,11,25,14,32,13,149,
27,Ecological Solutions and Evidence,49,0,11,29,0,10,36,0,4,139,
29,Ecology Letters,20,21,26,13,16,18,8,9,8,139,
89,Zoological Journal of the Linnean Society,28,13,24,18,18,8,22,6,2,139,
24,Ecological Applications,28,0,21,32,0,11,20,0,20,132,
67,Pedosphere,20,14,15,13,17,9,13,17,12,130,
12,Behavioral Ecology,20,10,12,11,23,3,23,8,7,117,
23,Ecography,9,22,12,13,12,12,12,10,14,116,
86,Wetlands,11,8,16,10,12,12,19,12,15,115,
15,Biotropica,10,17,19,5,12,11,14,10,16,114,
9,Austral Ecology,11,12,16,13,8,13,15,11,12,111,
30,Ecology and Society,111,0,0,0,0,0,0,0,0,111,
60,Journal of Wildlife Management,9,7,13,13,10,11,14,13,11,101,
16,Canadian Journal of Forest Research,84,0,0,0,0,0,0,1,9,94,
26,Ecological Research,10,10,6,10,12,14,10,11,10,93,
54,Journal of Evolutionary Biology,7,7,10,5,12,15,11,13,13,93,
87,Wildlife Biology,4,11,9,16,11,7,10,15,9,92,
49,Journal of Chemical Ecology,13,10,7,9,10,7,11,8,12,87,
1,African Journal of Ecology,10,11,6,9,8,8,13,13,6,84,primate conservation not published sicne 2019. on oa
57,Journal of Sustainable Agriculture and Environment,6,10,14,13,5,10,4,12,9,83,
79,The American Naturalist,1,13,7,9,7,6,10,18,8,79,
20,Conservation Letters,18,0,20,1,17,1,6,0,13,76,
77,Systematic Biology,9,11,11,4,5,2,14,9,8,73,
63,NeoBiota,10,5,15,7,3,8,10,5,8,71,
10,Basic and Applied Ecology,7,4,10,8,7,8,9,8,9,70,
59,Journal of Vegetation Science,15,1,19,0,16,0,13,3,3,70,
50,Journal of Coastal Research,18,4,6,2,12,13,9,0,3,67,
43,Hormones and Behavior,9,11,9,6,8,8,4,4,6,65,
14,Biological Journal of the Linnean Society,5,10,6,10,14,10,9,0,0,64,
21,Conservation Physiology,64,0,0,0,0,0,0,0,0,64,
5,Animal Conservation,6,4,3,4,9,4,10,10,4,54,
75,Remote Sensing in Ecology and Conservation,3,9,11,3,6,6,6,6,4,54,
84,Weed Research,21,1,13,3,5,0,7,0,4,54,
39,Freshwater Science,1,5,5,1,1,13,0,7,11,44,
71,Plant Ecology and Evolution,6,5,2,9,3,5,3,5,6,44,
55,Journal of Mammalian Evolution,0,3,10,1,13,5,5,4,2,43,
17,Cladistics,4,1,4,3,6,3,9,7,4,41,
88,Wildlife Society Bulletin,4,3,4,2,3,9,4,4,7,40,
2,African Journal of Range and Forage Science,8,0,4,7,2,9,3,4,0,37,
40,Frontiers in Ecology and the Environment,6,3,4,4,7,2,5,3,3,37,
6,Applied Vegetation Science,16,0,1,12,0,0,7,0,0,36,
11,Behavior Genetics,2,8,4,1,7,3,4,4,3,36,
37,Evolution Letters,4,0,9,4,4,4,7,1,3,36,
41,Frontiers of Biogeography,4,3,3,3,4,5,3,5,5,35,
80,Tropical Ecology,6,1,1,1,0,3,1,7,10,30,
18,Coastal Management,5,0,5,5,5,4,0,5,0,29,
38,Evolutionary Journal of the Linnean Society,23,0,0,0,0,2,0,1,3,29,
13,Biogeographia – The Journal of Integrative Biogeography,2,4,4,3,0,4,3,2,4,26,
51,Journal of Ecohydraulics,0,5,5,1,2,2,4,2,5,26,
25,Ecological Monographs,0,12,0,0,8,0,0,3,0,23,
47,Invasive Plant Science and Management,19,0,1,0,0,0,0,2,0,22,
64,New Zealand Journal of Ecology,3,0,3,2,7,1,2,2,2,22,
66,Organisms Diversity & Evolution,1,1,4,1,3,3,0,5,4,22,
70,Phytobiomes Journal,5,3,3,3,0,3,3,1,1,22,
56,Journal of Pollination Ecology,3,4,3,2,3,2,2,0,2,21,
3,African Journal of Wildlife Research,0,3,6,2,4,2,0,2,1,20,
7,Aquatic Ecosystem Health & Management,0,0,0,8,0,6,0,0,0,14,
83,Web Ecology,1,1,2,0,2,2,2,3,1,14,
73,Population Ecology,3,2,2,1,1,1,2,1,0,13,
62,Natures Sciences Sociétés,8,0,0,0,0,0,0,0,0,8,
82,Vegetation Classification and Survey,0,0,1,0,3,0,0,2,2,8,
72,Polish Journal of Ecology,0,3,0,0,1,0,0,3,0,7,
85,Wetland Science and Practice,3,0,0,4,0,0,0,0,0,7,