,journal,Jan,Feb,Mar,Apr,May,Jun,Jul,Aug,Sep,total
1,African Journal of Ecology,10,11,6,9,8,8,13,12,6,83
2,African Journal of Range and Forage Science,8,0,4,7,2,9,3,4,1,38
3,African Journal of Wildlife Research,0,3,6,2,4,2,0,2,1,20
4,Animal Behaviour,18,38,23,30,25,22,20,21,25,222
5,Animal Conservation,6,4,3,4,9,4,10,10,4,54
6,Applied Vegetation Science,16,0,1,12,0,0,7,0,0,36
7,Aquatic Ecosystem Health & Management,0,0,0,8,0,4,0,0,0,12
8,Archives of Sexual Behavior,26,31,29,27,33,29,5,3,17,200
9,Austral Ecology,11,12,16,13,8,13,15,11,12,111
10,Basic and Applied Ecology,7,4,10,8,7,8,9,8,9,70
11,Behavior Genetics,2,8,4,1,7,4,4,4,3,37
12,Behavioral Ecology,20,10,12,11,23,3,23,8,10,120
13,Biogeographia – The Journal of Integrative Biogeography,2,4,4,3,0,4,3,2,4,26
14,Biological Journal of the Linnean Society,5,10,6,10,14,10,20,2,0,77
15,Biotropica,10,17,19,5,12,11,14,8,18,114
16,Canadian Journal of Forest Research,84,0,0,0,0,0,0,1,9,94
17,Cladistics,4,1,4,3,4,3,9,7,4,39
18,Coastal Management,5,0,5,5,5,4,0,5,0,29
19,Conservation Biology,21,17,32,28,25,14,17,17,9,180
20,Conservation Letters,18,0,20,1,17,1,6,0,14,77
21,Conservation Physiology,66,0,0,0,0,0,0,0,0,66
22,Conservation Science and Practice,16,8,10,26,26,28,12,38,23,187
23,Ecography,9,21,12,13,12,12,12,10,14,115
24,Ecological Applications,28,0,20,32,0,11,20,0,20,131
25,Ecological Monographs,0,12,0,0,8,0,0,4,0,24
26,Ecological Research,9,10,6,10,11,14,10,11,10,91
27,Ecological Solutions and Evidence,49,0,11,29,0,10,36,0,4,139
28,Ecology,20,25,27,23,29,13,19,3,55,214
29,Ecology Letters,20,21,25,13,16,18,8,9,8,138
30,Ecology and Society,115,0,0,0,0,0,0,0,0,115
31,Ecosphere,17,25,30,34,44,25,23,22,33,253
32,Environmental Science and Pollution Research,119,81,116,72,89,83,113,72,86,831
33,Environmental Toxicology and Chemistry,30,19,32,24,24,34,37,20,27,247
34,Estuarine Coastal and Shelf Science,31,38,54,52,61,56,62,52,54,460
35,European Journal of Soil Science,30,6,31,6,31,2,32,8,19,165
36,Evolution,18,13,24,20,22,18,18,13,28,174
37,Evolution Letters,4,0,9,4,4,4,7,1,5,38
38,Evolutionary Journal of the Linnean Society,24,0,0,0,0,0,0,0,3,27
39,Freshwater Science,1,5,5,1,1,13,0,7,11,44
40,Frontiers in Ecology and the Environment,6,3,4,4,7,2,5,3,3,37
41,Frontiers of Biogeography,4,3,3,3,4,5,3,5,5,35
42,Functional Ecology,13,24,22,32,23,25,20,21,19,199
43,Hormones and Behavior,9,11,9,6,8,8,4,4,7,66
44,ICES Journal of Marine Science,18,8,21,17,38,10,39,28,5,184
45,Integrative and Comparative Biology,150,0,0,0,0,0,2,0,3,155
46,International Journal of Remote Sensing,52,48,30,33,35,39,51,41,48,377
47,Invasive Plant Science and Management,19,0,1,0,0,0,0,2,0,22
48,Journal of Applied Ecology,29,24,27,34,35,42,39,41,33,304
49,Journal of Chemical Ecology,13,10,7,9,10,7,11,9,12,88
50,Journal of Coastal Research,16,3,6,2,11,13,7,0,2,60
51,Journal of Ecohydraulics,0,5,5,1,2,2,4,2,5,26
52,Journal of Ecology,17,30,22,27,22,31,19,25,17,210
53,Journal of Economic Entomology,27,25,41,37,31,31,52,25,26,295
54,Journal of Evolutionary Biology,7,6,8,5,12,15,10,13,13,89
55,Journal of Mammalian Evolution,0,3,10,1,14,5,5,5,2,45
56,Journal of Pollination Ecology,3,4,3,2,3,2,2,0,2,21
57,Journal of Sustainable Agriculture and Environment,6,10,14,13,5,10,4,12,9,83
58,Journal of Threatened Taxa,15,26,18,15,26,20,24,18,25,187
59,Journal of Vegetation Science,15,1,19,0,16,0,12,1,7,71
60,Journal of Wildlife Management,9,7,13,12,10,11,14,13,11,100
61,Landscape Ecology,14,18,27,20,21,26,21,22,10,179
62,Natures Sciences Sociétés,8,0,0,0,0,0,0,0,0,8
63,NeoBiota,10,5,15,7,3,8,10,5,8,71
64,New Zealand Journal of Ecology,3,0,3,2,7,1,2,2,2,22
65,Oikos,27,24,26,13,20,21,28,10,28,197
66,Organisms Diversity & Evolution,1,1,4,1,3,3,0,5,4,22
67,Pedosphere,20,14,15,13,17,9,13,17,12,130
68,People and Nature,13,19,31,29,27,19,20,12,21,191
69,Personality and Individual Differences,42,43,44,47,38,47,38,28,36,363
70,Phytobiomes Journal,5,3,2,2,0,3,3,1,0,19
71,Plant Ecology and Evolution,6,5,2,9,3,5,3,5,6,44
72,Polish Journal of Ecology,0,3,0,0,1,0,0,3,0,7
73,Population Ecology,2,2,2,1,1,1,2,1,0,12
74,Proceedings of the Royal Society B Biological Sciences,52,59,43,65,62,43,46,32,21,423
75,Remote Sensing in Ecology and Conservation,3,8,11,3,6,6,6,6,4,53
76,Restoration Ecology,30,25,27,30,29,36,28,28,27,260
77,Systematic Biology,9,11,11,4,5,2,14,9,8,73
78,Taxon,1,17,14,21,11,24,13,32,14,147
79,The American Naturalist,1,11,6,7,6,5,9,16,8,69
80,Tropical Ecology,6,1,1,1,0,3,1,7,10,30
81,Urban Ecosystems,28,26,28,29,31,27,33,31,21,254
82,Vegetation Classification and Survey,0,0,1,0,3,0,0,2,2,8
83,Web Ecology,1,1,2,0,2,2,2,3,1,14
84,Weed Research,21,1,13,3,5,0,7,0,5,55
85,Wetland Science and Practice,3,0,0,4,0,0,0,0,0,7
86,Wetlands,11,8,16,10,12,12,19,12,15,115
87,Wildlife Biology,4,11,9,16,11,7,10,15,9,92
88,Wildlife Society Bulletin,4,3,4,2,3,9,4,4,8,41
89,Zoological Journal of the Linnean Society,28,13,24,18,18,8,22,6,3,140
