"row_id","title","doi","journal","publication_date"
595,"Focusing solely on genetics may harm the conservation of critically endangered species: A comment to Skorupski et al. (2025)","https://doi.org/10.1111/csp2.70296","Conservation Science and Practice",2026-08-25
644,"SOC Increase in UK Topsoils Is Most Likely due to SOC Vertical Redistribution: Comment on Bentley et al. (2025)","https://doi.org/10.1111/ejss.70246","European Journal of Soil Science",2026-01-01
709,"Paraphilia Is Not a Natural Kind: Comment on Bailey and Hsu (2025)","https://doi.org/10.1007/s10508-025-03403-z","Archives of Sexual Behavior",2026-01-15
737,"Response to Wright’s (2025) “Why There Are Exactly Two Sexes”","https://doi.org/10.1007/s10508-026-03418-0","Archives of Sexual Behavior",2026-01-20
819,"Natural history in the backyard: a comment on Guevara-Fiore","https://doi.org/10.1093/beheco/arag008","Behavioral Ecology",2026-01-22
1016,"Quantifying phenotypic plasticity at multiple levels—A comment on Gómez et al.","https://doi.org/10.1111/1365-2435.70234","Functional Ecology",2026-02-23
1202,"Comment: Nores et al. (2024) fail in their attempt to demonstrate the inappropriateness of an eventual introduction of the European bison to Spain as a rewilding initiative","https://doi.org/10.1111/csp2.70132","Conservation Science and Practice",2026-04-01
1207,"The conservation management of European bison requires strong evidence and careful risk assessment: A response to “Comment: Nores et al. (2024) fail in their attempt to demonstrate the inappropriateness of an eventual introduction of the European bison to Spain as a rewilding initiative”","https://doi.org/10.1111/csp2.70262","Conservation Science and Practice",2026-04-01
1496,"How are social preferences realized? Considering the importance of space: a comment on","https://doi.org/10.1093/beheco/arag065","Behavioral Ecology",2026-05-15
1533,"Latent layers in social information flow: a comment on De Moor et al.","https://doi.org/10.1093/beheco/arag066","Behavioral Ecology",2026-05-15
1609,"Thinking generatively about animal social networks: a comment on De Moor et al.","https://doi.org/10.1093/beheco/arag067","Behavioral Ecology",2026-05-15
1865,"Introduction to special series on hazardous waste sites and remediation case studies: risk reduction, synergies between remediation, and restoration goals","https://doi.org/10.1093/etojnl/vgag004","Environmental Toxicology and Chemistry",2026-01-08
1980,"A Response to “Shedding Light on the Relevance of Asexual Reproduction in the Savannas: Cloning in Velloziaceae” by Maracahipes et al. (2024): Biotropica 2024 https://doi.org/10.1111/btp.13343","https://doi.org/10.1111/btp.70158","Biotropica",2026-01-01
2026,"Comments on “Microbial diversity and metabolic potential in long‐term Cr(VI) polluted soil during in situ biostimulation: a pilot effective assay”","https://doi.org/10.1007/s11356-026-37446-z","Environmental Science and Pollution Research",2026-01-26
2097,"What can we do as behavioral ecologists (and conservationists)—a comment on Natural history in practice: rethinking ideals in Behavioral Ecology (Guevara-Fiore 2025)","https://doi.org/10.1093/beheco/arag007","Behavioral Ecology",2026-01-22
2213,"Key omissions in caribou policy modelling—a reply to Wilson and Sleep (2025)","https://doi.org/10.1139/cjfr-2025-0331","Canadian Journal of Forest Research",2026-01-01
2226,"Key omissions in caribou policy modelling: a reply to Yemshanov et al. (2025)","https://doi.org/10.1139/cjfr-2025-0251","Canadian Journal of Forest Research",2026-01-01
2547,"A response to ‘Quantifying phenotypic plasticity at multiple levels—A comment on Gómez et al.’","https://doi.org/10.1111/1365-2435.70278","Functional Ecology",2026-02-23
2869,"Response to Mahr’s (2026) Response to Wright’s (2025) “Why There Are Exactly Two Sexes”","https://doi.org/10.1007/s10508-026-03452-y","Archives of Sexual Behavior",2026-03-26
2930,"Response to individual variation in protest calls by Brazilian free-tailed bats, Tadarida brasiliensis","https://doi.org/10.1016/j.anbehav.2026.123538","Animal Behaviour",2026-03-30
3036,"Introducing European bison in Iberia: Road safety concerns. A comment to Nores et al., 2024","https://doi.org/10.1111/csp2.70240","Conservation Science and Practice",2026-04-01
3053,"Improving connectivity is key for restoring large mammals and human safety. A response to “Introducing European bison in Iberia: Road safety concerns. A comment to Nores et al., 2024”","https://doi.org/10.1111/csp2.70261","Conservation Science and Practice",2026-04-01
3156,"Dispersal limitation and fire feedback maintain mesic savannas in Madagascar: Reply","https://doi.org/10.1002/ecy.70332","Ecology",2026-04-01
3202,"The Therapeutic Potential of Chatbots for Men Who Are Involuntarily Single: A Commentary on Lafortune et al. (2026)","https://doi.org/10.1007/s10508-026-03473-7","Archives of Sexual Behavior",2026-04-16
3221,"Description languages as modelling decisions: A comment on Wheeler and Varón (2025)","https://doi.org/10.1111/cla.70037","Cladistics",2026-04-17
3226,"Comment on “Adsorption of phenol and bisphenol-A by activated carbon and graphene oxide: a comparative study”","https://doi.org/10.1007/s11356-026-37763-3","Environmental Science and Pollution Research",2026-04-18
3279,"Answer to “Comments on ‘Adsorption of phenol and bisphenol-A by activated carbon and graphene oxide: a comparative study’”","https://doi.org/10.1007/s11356-026-37764-2","Environmental Science and Pollution Research",2026-04-21
3316,"Pedro Sarmento (1968–2026), architect of Iberian lynx recovery in Portugal","https://doi.org/10.1111/cobi.70305","Conservation Biology",2026-04-22
3540,"Introduction to Research Conducted at University of South Florida's Coastal Research Laboratory","https://doi.org/10.2112/jcoastres-d-26tm2-intro","Journal of Coastal Research",2026-05-05
3630,"Comment on “S, N, P, and B-doped bio-carbons as dual catalysts for tetracycline degradation via the heterogeneous electro-Fenton process”","https://doi.org/10.1007/s11356-026-37825-6","Environmental Science and Pollution Research",2026-05-09
3644,"Comments on “Investigating the association between PM2.5, Climate variables, and COVID-19 daily reported cases from March 2020 to November 2021 in El Paso County, Texas: A Time-Series Analysis”","https://doi.org/10.1007/s11356-026-37824-7","Environmental Science and Pollution Research",2026-05-10
3933,"Introduction to a celebration of Tim Fahey’s career and contributions to forest ecology","https://doi.org/10.1139/cjfr-2026-0110","Canadian Journal of Forest Research",2026-01-01
4048,"Virtual pollination flows as a key element in the typology of transboundary flows: a response to Li et al. (2023)","https://doi.org/10.5751/es-17254-310230","Ecology and Society",2026-01-01
4214,"Response to comments on the latent layers framework","https://doi.org/10.1093/beheco/arag068","Behavioral Ecology",2026-05-15
4364,"Shared pathways, physiological constraint, and the evolutionary origins of an honest signal. A commentary on Számadó et al. (2025)","https://doi.org/10.1093/jeb/voag048","Journal of Evolutionary Biology",2026-06-16
4421,"Comment on “Effect of mineralization of Erythrina poeppigiana particles and accelerated carbonation on the properties of fiber cement”","https://doi.org/10.1007/s11356-026-37955-x","Environmental Science and Pollution Research",2026-06-19
4499,"Answer to comments on “Effect of mineralization of erythrina poeppigiana particles and accelerated carbonation on the properties of fiber cement”","https://doi.org/10.1007/s11356-026-37956-w","Environmental Science and Pollution Research",2026-06-23
4562,"Introduction to the special series: Applications of artificial intelligence in environmental toxicology and chemistry","https://doi.org/10.1093/etojnl/vgag176","Environmental Toxicology and Chemistry",2026-06-26
4567,"Debate, pluralism, and power in epistemological violence: Reply to Simpson et al. (2026)","https://doi.org/10.1111/cobi.70336","Conservation Biology",2026-06-26
4572,"When everything is violence, nothing is violence: Response to Koot et al. (2025)","https://doi.org/10.1111/cobi.70337","Conservation Biology",2026-06-26
4617,"Remote Sensing of the Nearshore Seafloor: Introduction to the Thematic Section","https://doi.org/10.2112/jcoastres-d-26tm1-intro","Journal of Coastal Research",2026-07-01
4860,"The Paraphilia Natural Kind Hypothesis Is Alive and Well: A Response to Lawrence (2026)","https://doi.org/10.1007/s10508-026-03598-9","Archives of Sexual Behavior",2026-07-09
4992,"A geometric approach to beta diversity: Reply","https://doi.org/10.1002/ecm.70074","Ecological Monographs",2026-05-01
5053,"Does the Quality of the Sexual Resolution Phase Influence Later Childbirth? A Comment on Dinsdale and Crespi (2025)","https://doi.org/10.1007/s10508-026-03590-3","Archives of Sexual Behavior",2026-07-18
5090,"A geometric approach to beta diversity: Comment","https://doi.org/10.1002/ecm.70073","Ecological Monographs",2026-05-01
5149,"Answer to Comments on “Advancing air pollution forecasting: a review of physical, statistical, and machine learning methods”","https://doi.org/10.1007/s11356-026-38088-x","Environmental Science and Pollution Research",2026-07-25
5264,"Comments on “Advancing air pollution forecasting: a review of physical, statistical, and machine learning methods”","https://doi.org/10.1007/s11356-026-38087-y","Environmental Science and Pollution Research",2026-07-30
5649,"A. Koos Slob (1940–2026)","https://doi.org/10.1007/s10508-026-03619-7","Archives of Sexual Behavior",2026-08-18
5812,"Conservation genetics is not conservation by genetics alone: Response to Põdra et al.","https://doi.org/10.1111/csp2.70383","Conservation Science and Practice",2026-08-25
5844,"Localizing conservation to strengthen community‐based resource management: A reply to Mizrahi et al. (2026)","https://doi.org/10.1111/csp2.70390","Conservation Science and Practice",2026-08-27
5850,"J. Paul Fedoroff (1958–2023)","https://doi.org/10.1007/s10508-026-03638-4","Archives of Sexual Behavior",2026-08-28
5896,"On the need for accurate IUCN data and transparent methods: Response to Lin et al. (2025)","https://doi.org/10.1111/cobi.70380","Conservation Biology",2026-08-30
5905,"Toward improved conservation risk assessments in the marine aquarium fish trade: Reply to Biondo and Calado (2026)","https://doi.org/10.1111/cobi.70381","Conservation Biology",2026-08-30
6047,"An Introduction to California's Shoreline and Beaches: Past, Present, and Future","https://doi.org/10.2112/jcoastres-d-26tm4-intro","Journal of Coastal Research",2026-06-17
6140,"Dr Michael ‘Gus’ Mills (1946–2026)","https://doi.org/10.3957/056.056.0254","African Journal of Wildlife Research",2026-08-03
6312,"Does the Evidence Refute the Male Choice Hypothesis? A Response to Wilczkowski (2026)","https://doi.org/10.1007/s10508-026-03635-7","Archives of Sexual Behavior",2026-09-17
6915,"Technical comment on Bodó, V., Urbán, R., Élő, Z., Demetrovics, Z., & Kun, B. (2026). Impostor phenomenon beyond self-esteem, anxiety, and perfectionism: Factor structure and correlates. Personality and Individual Differences, 257, 113774","https://doi.org/10.1016/j.paid.2026.113799","Personality and Individual Differences",2026-04-02
7069,"Searching for Caatinga and accurate maps of tropical dry forests: Comments on Zappi et al. (2025) and Hardy et al. (2025)/Martin et al. (2025) from an “ecosystems uncertain” perspective","https://doi.org/10.1111/rec.70308","Restoration Ecology",2026-01-20
7448,"Technical comment on Urbán, R., Bodó, V., Élő, Z., Demetrovics, Z., & Kun, B. (2026). Reply to technical comment on “Impostor phenomenon beyond self-esteem, anxiety, and perfectionism: Factor structure and correlates.” Personality and Individual Differences, 257, 113819","https://doi.org/10.1016/j.paid.2026.113874","Personality and Individual Differences",2026-05-07
8380,"Technical comment on Romero, A., Blanch, A., & Chopik, W. J. (2026). Male and female empathy across 24 countries and 60 latitudinal degrees","https://doi.org/10.1016/j.paid.2026.113790","Personality and Individual Differences",2026-03-20
8745,"Comment on the paper “Low interaction in an interdisciplinary research field: a scientometric view of 80 years of publication in urban ecology” by Marques & Collevatti (2026)","https://doi.org/10.1007/s11252-026-01980-y","Urban Ecosystems",2026-04-23
8999,"Technical comment on Ručević, S., & Antunović, J. (2026). Behind the mask of love: Associations among dark triad traits, attachment avoidance and anxiety, romantic beliefs, and intimacy expectations. Personality and Individual Differences, 255, 113692","https://doi.org/10.1016/j.paid.2026.113893","Personality and Individual Differences",2026-05-15
9134,"Matters arising from Salzano, S., Zappullo, I., Baiano, C., Positano, M., Conson, M., Mikulincer, M., & Shaver, P. R. (2026). “The dark side of helping”: A problematic activation pattern of the caregiving behavioral system. Personality and Individual Differences, 259, Article 113858","https://doi.org/10.1016/j.paid.2026.113914","Personality and Individual Differences",2026-05-28
9157,"Matters arising from Tandler, N., & Proyer, R. T. (2026). Playful minds: The role of adolescents' playfulness in intelligence and scholastic achievement. Personality and Individual Differences, 256, 113727. doi:10.1016/j.paid.2026.113727","https://doi.org/10.1016/j.paid.2026.113905","Personality and Individual Differences",2026-05-29
9315,"Rejoinder to matters arising from Salzano, S., Zappullo, I., Baiano, C., Positano, M., Conson, M., Mikulincer, M., & Shaver, P. R. (2026). “The dark side of helping”: A problematic activation pattern of the caregiving behavioral system. Personality and Individual Differences, 259, Article 113,858.","https://doi.org/10.1016/j.paid.2026.113935","Personality and Individual Differences",2026-06-15
9401,"Matters arising from Radkiewicz, P., & Kozioł, P. (2025). Dogmatism as fixed form and ideology as variable content. Test of the hypothesis on the polymorphic nature of authoritarianism. Personality and Individual Differences, 240, Article 113128","https://doi.org/10.1016/j.paid.2026.113957","Personality and Individual Differences",2026-06-20
9702,"Response to Madayag, R A., Galang, M. L., Si, M., & Voray, A. (2026). Matters arising from Tandler, N., & Proyer, R. T. (2026). Playful minds: The role of adolescents' playfulness in intelligence and scholastic achievement. Personality and Individual Differences, 256, 113727. https://doi.org/10.1016/j.paid.2026.113727","https://doi.org/10.1016/j.paid.2026.113972","Personality and Individual Differences",2026-07-09
9866,"Technical comment on Gómez-Leal, R., Fernandez-Berrocal, P., & Megías-Robles, A. (2026). When feeling too much hurts: Emotional intelligence profiles and their implications for mental health. Personality and Individual Differences, 262, 113936","https://doi.org/10.1016/j.paid.2026.114010","Personality and Individual Differences",2026-07-23
10009,"Module 6: An Introduction to Wetland Biogeochemistry","https://doi.org/10.1672/ucrt083-648","Wetland Science and Practice",2026-04-01
10109,"Professor Madhav Gadgil (1942–2026): people in heart, environment in focus","https://doi.org/10.1007/s42965-026-00433-z","Tropical Ecology",2026-08-10
10229,"Emerging discussion — a commentary on Luchetti et al., 2024","https://doi.org/10.1007/s13127-026-00709-1","Organisms Diversity & Evolution",2026-08-18
10285,"Matters arising from Olcaysoy Okten, I., Lombard, J., Harkness, A., & Gullesserian, M. C. (2026). How do intellectually humble people form impressions?: Regulating initial intuitions through reflection. Personality and Individual Differences, 256, 113729. https://doi.org/10.1016/j.paid.2026.113729","https://doi.org/10.1016/j.paid.2026.114038","Personality and Individual Differences",2026-08-21
10307,"Context‐dependent decision‐making in seed sourcing for restoration: reply to Beck et al. (2025)","https://doi.org/10.1111/rec.70510","Restoration Ecology",2026-08-23
10331,"What the dimensionality debate overlooks: A technical comment on Bodó et al. (2026) and subsequent exchanges, Brauer and Proyer (2026a, 2026b), Urbán et al. (2026)","https://doi.org/10.1016/j.paid.2026.114060","Personality and Individual Differences",2026-08-25
10439,"Intrinsic value and its commitments: a response to the Conguillío Statement","https://doi.org/10.1002/oik.12467","Oikos",2026-09-02
10508,"Matters arising from Zacher (2026). Environmental activism, dark triad traits, and left-wing authoritarianism: A constructive replication study","https://doi.org/10.1016/j.paid.2026.114072","Personality and Individual Differences",2026-09-10
