display_name,issn_l,host_organization_name,host_organization
Ecology,0012-9658,Wiley,https://openalex.org/P4310320595
Environmental Toxicology and Chemistry,0730-7268,Wiley,https://openalex.org/P4310320595
Journal of Ecology,0022-0477,Wiley,https://openalex.org/P4310320595
Conservation Biology,0888-8892,Wiley,https://openalex.org/P4310320595
Ecological Applications,1051-0761,Wiley,https://openalex.org/P4310320595
Functional Ecology,0269-8463,Wiley,https://openalex.org/P4310320595
Ecosphere,2150-8925,Wiley,https://openalex.org/P4310320595
Biotropica,0006-3606,Wiley,https://openalex.org/P4310320595
Ecology Letters,1461-023X,Wiley,https://openalex.org/P4310320595
Ecography,0906-7590,Wiley,https://openalex.org/P4310320595
Austral Ecology,1442-9985,Wiley,https://openalex.org/P4310320595
European Journal of Soil Science,1351-0754,Wiley,https://openalex.org/P4310320595
Frontiers in Ecology and the Environment,1540-9295,Wiley,https://openalex.org/P4310320595
Ecological Monographs,0012-9615,Wiley,https://openalex.org/P4310320595
Animal Conservation,1367-9430,Wiley,https://openalex.org/P4310320595
Cladistics,0748-3007,Wiley,https://openalex.org/P4310320595
Applied Vegetation Science,1402-2001,Wiley,https://openalex.org/P4310320595
Conservation Letters,1755-263X,Wiley,https://openalex.org/P4310320595
Evolution Letters,2056-3744,Wiley,https://openalex.org/P4310320595
Taxon,0040-0262,Wiley,https://openalex.org/P4310320595
Journal of Wildlife Management,0022-541X,Wiley,https://openalex.org/P4310320595
Oikos,0030-1299,Wiley,https://openalex.org/P4310320595
Journal of Applied Ecology,0021-8901,Wiley,https://openalex.org/P4310320595
Journal of Vegetation Science,1100-9233,Wiley,https://openalex.org/P4310320595
Restoration Ecology,1061-2971,Wiley,https://openalex.org/P4310320595
African Journal of Ecology,0141-6707,Wiley,https://openalex.org/P4310320595
Weed Research,0043-1737,Wiley,https://openalex.org/P4310320595
Population Ecology,0034-5466,Wiley,https://openalex.org/P4310320595
People and Nature,2575-8314,Wiley,https://openalex.org/P4310320595
Ecological Solutions and Evidence,2688-8319,Wiley,https://openalex.org/P4310320595
Remote Sensing in Ecology and Conservation,2056-3485,Wiley,https://openalex.org/P4310320595
Journal of Sustainable Agriculture and Environment,2767-035X,Wiley,https://openalex.org/P4310320595
Journal of Threatened Taxa,0974-7893,Wildlife Information Liaison Development Society,https://openalex.org/P4310318666
The American Naturalist,0003-0147,University of Chicago Press,https://openalex.org/P4310315672
Freshwater Science,2161-9549,University of Chicago Press,https://openalex.org/P4310315672
International Journal of Remote Sensing,0143-1161,Taylor & Francis,https://openalex.org/P4310320547
Aquatic Ecosystem Health & Management,1463-4988,Taylor & Francis,https://openalex.org/P4310320547
Coastal Management,0892-0753,Taylor & Francis,https://openalex.org/P4310320547
African Journal of Range and Forage Science,1022-0119,Taylor & Francis,https://openalex.org/P4310320547
Journal of Ecohydraulics,2470-5357,Taylor & Francis,https://openalex.org/P4310320547
Environmental Science and Pollution Research,0944-1344,Springer Science+Business Media,https://openalex.org/P4310319900
Journal of Chemical Ecology,0098-0331,Springer Science+Business Media,https://openalex.org/P4310319900
Archives of Sexual Behavior,0004-0002,Springer Science+Business Media,https://openalex.org/P4310319900
Ecological Research,0912-3814,Springer Science+Business Media,https://openalex.org/P4310319900
Behavior Genetics,0001-8244,Springer Science+Business Media,https://openalex.org/P4310319900
Journal of Mammalian Evolution,1064-7554,Springer Science+Business Media,https://openalex.org/P4310319900
Landscape Ecology,0921-2973,Springer Science+Business Media,https://openalex.org/P4310319900
Wetlands,0277-5212,Springer Science+Business Media,https://openalex.org/P4310319900
Urban Ecosystems,1083-8155,Springer Science+Business Media,https://openalex.org/P4310319900
Organisms Diversity & Evolution,1439-6092,Springer Science+Business Media,https://openalex.org/P4310319900
Tropical Ecology,0564-3295,Springer Science+Business Media,https://openalex.org/P4310319900
Conservation Science and Practice,2578-4854,Society for Conservation Biology,https://openalex.org/P4310316685
Proceedings of the Royal Society B Biological Sciences,0080-4649,Royal Society,https://openalex.org/P4310319787
Ecology and Society,1708-3087,Resilience Alliance,https://openalex.org/P4310313010
Polish Journal of Ecology,1505-2249,Polish Academy of Sciences,https://openalex.org/P4310317485
NeoBiota,1314-2488,Pensoft Publishers,https://openalex.org/P4310321056
Vegetation Classification and Survey,2683-0671,Pensoft Publishers,https://openalex.org/P4310321056
Journal of Economic Entomology,0022-0493,Oxford University Press,https://openalex.org/P4310311648
Evolution,0014-3820,Oxford University Press,https://openalex.org/P4310311648
ICES Journal of Marine Science,1054-3139,Oxford University Press,https://openalex.org/P4310311648
Biological Journal of the Linnean Society,0024-4066,Oxford University Press,https://openalex.org/P4310311648
Journal of Evolutionary Biology,1010-061X,Oxford University Press,https://openalex.org/P4310311648
Behavioral Ecology,1045-2249,Oxford University Press,https://openalex.org/P4310311648
Integrative and Comparative Biology,1540-7063,Oxford University Press,https://openalex.org/P4310311648
Evolutionary Journal of the Linnean Society,2752-938X,Oxford University Press,https://openalex.org/P4310311648
Zoological Journal of the Linnean Society,0024-4082,Oxford University Press,https://openalex.org/P4310311648
Systematic Biology,1063-5157,Oxford University Press,https://openalex.org/P4310311648
Conservation Physiology,2051-1434,Oxford University Press,https://openalex.org/P4310311648
Canadian Journal of Forest Research,0045-5067,NRC Research Press,https://openalex.org/P4310313060
African Journal of Wildlife Research,2410-7220,SAMWA,NA
Wildlife Society Bulletin,2328-5540,The Wildlife Society,NA
New Zealand Journal of Ecology,0110-6465,New Zealand Ecological Society,NA
Wetland Science and Practice,1943-6254,Society of Wetland Scientists,NA
Plant Ecology and Evolution,2032-3913,Meise Botanic Garden,https://openalex.org/P4310321002
Frontiers of Biogeography,1948-6596,International Biogeography Society,https://openalex.org/P4310316651
Biogeographia – The Journal of Integrative Biogeography,1594-7629,"eScholarship Publishing, University of California",https://openalex.org/P4310320339
Journal of Pollination Ecology,1920-7603,Enviroquest Ltd.,https://openalex.org/P4310313070
Animal Behaviour,0003-3472,Elsevier BV,https://openalex.org/P4310320990
Estuarine Coastal and Shelf Science,0272-7714,Elsevier BV,https://openalex.org/P4310320990
Basic and Applied Ecology,1439-1791,Elsevier BV,https://openalex.org/P4310320990
Personality and Individual Differences,0191-8869,Elsevier BV,https://openalex.org/P4310320990
Hormones and Behavior,0018-506X,Elsevier BV,https://openalex.org/P4310320990
Pedosphere,1002-0160,Elsevier BV,https://openalex.org/P4310320990
Natures Sciences Sociétés,1240-1307,EDP Sciences,https://openalex.org/P4310319748
Web Ecology,1399-1183,Copernicus Publications,https://openalex.org/P4310313756
Journal of Coastal Research,0749-0208,Coastal Education and Research Foundation,https://openalex.org/P4320800577
Invasive Plant Science and Management,1939-7291,Cambridge University Press,https://openalex.org/P4310311721
Wildlife Biology,0909-6396,BioOne,https://openalex.org/P4310320297
Phytobiomes Journal,2471-2906,American Phytopathological Society,https://openalex.org/P4310320276