journal,Jan,Feb,Mar,Apr,May,Jun,Jul,Aug,Sep,total
African Journal of Ecology,10,11,6,9,8,8,13,12,6,83
African Journal of Range and Forage Science,8,0,4,7,2,9,3,4,1,38
African Journal of Wildlife Research,0,3,6,2,4,2,0,1,1,19
Animal Behaviour,18,38,23,30,25,22,20,21,25,222
Animal Conservation,6,4,3,4,9,4,10,10,4,54
Applied Vegetation Science,16,0,1,12,0,0,7,0,0,36
Aquatic Ecosystem Health & Management,0,0,0,8,0,4,0,0,0,12
Archives of Sexual Behavior,24,31,28,26,33,29,3,1,16,191
Austral Ecology,11,12,16,13,8,13,15,11,12,111
Basic and Applied Ecology,7,4,10,8,7,8,9,8,9,70
Behavior Genetics,2,8,4,1,7,4,4,4,3,37
Behavioral Ecology,18,10,12,11,19,3,23,8,10,114
Biogeographia – The Journal of Integrative Biogeography,2,4,4,3,0,4,3,2,4,26
Biological Journal of the Linnean Society,5,10,6,10,14,10,20,2,0,77
Biotropica,9,17,19,5,12,11,14,8,18,113
Canadian Journal of Forest Research,81,0,0,0,0,0,0,1,9,91
Cladistics,4,1,4,2,4,3,9,7,4,38
Coastal Management,5,0,5,5,5,4,0,5,0,29
Conservation Biology,21,17,32,27,25,12,17,15,9,175
Conservation Letters,18,0,20,1,17,1,6,0,14,77
Conservation Physiology,66,0,0,0,0,0,0,0,0,66
Conservation Science and Practice,16,8,10,22,26,28,12,35,23,180
Ecography,9,21,12,13,12,12,12,10,14,115
Ecological Applications,28,0,20,32,0,11,20,0,20,131
Ecological Monographs,0,12,0,0,6,0,0,4,0,22
Ecological Research,9,10,6,10,11,14,10,11,10,91
Ecological Solutions and Evidence,49,0,11,29,0,10,36,0,4,139
Ecology,20,25,27,22,29,13,19,3,55,213
Ecology Letters,20,21,25,13,16,18,8,9,8,138
Ecology and Society,114,0,0,0,0,0,0,0,0,114
Ecosphere,17,25,30,34,44,25,23,22,33,253
Environmental Science and Pollution Research,118,81,116,70,87,81,111,72,86,822
Environmental Toxicology and Chemistry,29,19,32,24,24,33,37,20,27,245
Estuarine Coastal and Shelf Science,31,38,54,52,61,56,62,52,54,460
European Journal of Soil Science,29,6,31,6,31,2,32,8,19,164
Evolution,18,13,24,20,22,18,18,13,28,174
Evolution Letters,4,0,9,4,4,4,7,1,5,38
Evolutionary Journal of the Linnean Society,24,0,0,0,0,0,0,0,3,27
Freshwater Science,1,5,5,1,1,13,0,7,11,44
Frontiers in Ecology and the Environment,6,3,4,4,7,2,5,3,3,37
Frontiers of Biogeography,4,3,3,3,4,5,3,5,5,35
Functional Ecology,13,22,22,32,23,25,20,21,19,197
Hormones and Behavior,9,11,9,6,8,8,4,4,7,66
ICES Journal of Marine Science,18,8,21,17,38,10,39,28,5,184
Integrative and Comparative Biology,150,0,0,0,0,0,2,0,3,155
International Journal of Remote Sensing,52,48,30,33,35,39,51,41,48,377
Invasive Plant Science and Management,18,0,0,0,0,0,0,2,0,20
Journal of Applied Ecology,29,24,27,34,35,42,39,41,33,304
Journal of Chemical Ecology,13,10,7,9,10,7,11,9,12,88
Journal of Coastal Research,16,3,6,2,10,12,6,0,2,57
Journal of Ecohydraulics,0,5,5,1,2,2,4,2,5,26
Journal of Ecology,17,30,22,27,22,31,19,25,17,210
Journal of Economic Entomology,27,25,41,37,31,31,52,25,26,295
Journal of Evolutionary Biology,7,6,8,5,12,14,10,13,13,88
Journal of Mammalian Evolution,0,3,10,1,14,5,5,5,2,45
Journal of Pollination Ecology,3,4,3,2,3,2,2,0,2,21
Journal of Sustainable Agriculture and Environment,6,10,14,13,5,10,4,12,9,83
Journal of Threatened Taxa,15,26,18,15,26,20,24,18,25,187
Journal of Vegetation Science,15,1,19,0,16,0,12,1,7,71
Journal of Wildlife Management,9,7,13,12,10,11,14,13,11,100
Landscape Ecology,14,18,27,20,21,26,21,22,10,179
Natures Sciences Sociétés,8,0,0,0,0,0,0,0,0,8
NeoBiota,10,5,15,7,3,8,10,5,8,71
New Zealand Journal of Ecology,3,0,3,2,7,1,2,2,2,22
Oikos,27,24,26,13,20,21,28,10,27,196
Organisms Diversity & Evolution,1,1,4,1,3,3,0,4,4,21
Pedosphere,20,14,15,13,17,9,13,17,12,130
People and Nature,13,19,31,29,27,19,20,12,21,191
Personality and Individual Differences,42,43,43,46,34,45,36,26,35,350
Phytobiomes Journal,5,3,2,2,0,3,3,1,0,19
Plant Ecology and Evolution,6,5,2,9,3,5,3,5,6,44
Polish Journal of Ecology,0,3,0,0,1,0,0,3,0,7
Population Ecology,2,2,2,1,1,1,2,1,0,12
Proceedings of the Royal Society B Biological Sciences,52,59,43,65,62,43,46,32,21,423
Remote Sensing in Ecology and Conservation,3,8,11,3,6,6,6,6,4,53
Restoration Ecology,29,25,27,30,29,36,28,27,27,258
Systematic Biology,9,11,11,4,5,2,14,9,8,73
Taxon,1,17,14,21,11,24,13,32,14,147
The American Naturalist,1,11,6,7,6,5,9,16,8,69
Tropical Ecology,6,1,1,1,0,3,1,6,10,29
Urban Ecosystems,28,26,28,28,31,27,33,31,21,253
Vegetation Classification and Survey,0,0,1,0,3,0,0,2,2,8
Web Ecology,1,1,2,0,2,2,2,3,1,14
Weed Research,21,1,13,3,5,0,7,0,5,55
Wetland Science and Practice,3,0,0,3,0,0,0,0,0,6
Wetlands,11,8,16,10,12,12,19,12,15,115
Wildlife Biology,4,11,9,16,11,7,10,15,9,92
Wildlife Society Bulletin,4,3,4,2,3,9,4,4,8,41
Zoological Journal of the Linnean Society,28,13,24,18,18,8,22,6,3,140
,,,,,,,,,,10721
,,,,,,,,,,6
,,,,,,,,,,822
,,,,,,,,,,7