Journal,Data,Data_Reason,Code,Code_Reason,Data_editor,DE_Reason
African Journal of Range & Forage Science,Encouraged,,No Policy,,No,
African Journal of Wildlife Research,Encouraged,,No Policy,,No,
American Naturalist,Mandated,,Mandated,,Yes,
Animal Behaviour,Mandated,,Mandated,,No,
Animal Conservation,Encouraged,,No Policy,,No,
Applied Vegetation Science,Mandated,,Encouraged,,No,
Aquatic Ecosystem Health & Management,Neutral,Data sharing is mentioned,No Policy,,No,
Archives of Sexual Behavior,Encouraged,,Encouraged,,No,
Austral Ecology,Mandated,expected,Encouraged,strongly supports,No,
Basic and Applied Ecology,Mandated,,No Policy,,No,
Behavior Genetics,Encouraged,,Encouraged,,No,
Behavioral Ecology,Mandated,,Neutral,if desired,Yes,
Biogeographia,Encouraged,,No Policy,,No,
Biological Journal of the Linnean Society,Mandated,,Mandated,,No,
Biotropica,Mandated,,Mandated,,No,
Canadian Journal of Forest Research,Neutral,,No Policy,,No,
Cladistics,Mandated,,Encouraged,Link to wiley policy,No,
Coastal Management,No Policy,no obvious mention or link,No Policy,no obvious mention or link,No,
Conservation Biology,Encouraged,encouraged checklist,Encouraged,encouraged checklist,No,
Conservation Letters,Mandated,,Encouraged,whenever possible,No,
Conservation Science and Practice,Mandated,,Encouraged,,No,
Ecography,Mandated,,Mandated,,No,
Ecological Applications,Mandated,,Mandated,,Yes,
Ecological Monographs,Mandated,,Mandated,,Yes,
Ecological Research,Encouraged,,No Policy,,No,
Ecology,Mandated,,Mandated,,Yes,
Ecology Letters,Mandated,,Mandated,,Yes,
Ecology and Society,Encouraged,Are invited,Encouraged,Are invited,No,
Ecosphere,Mandated,,Mandated,,Yes,
Environmental Science and Pollution Research,Encouraged,,No Policy,Doesnt talk about sharing,No,
Environmental Toxicology and Chemistry,Encouraged,,Encouraged,,No,
"Estuarine, Coastal and Shelf Science",Mandated,,Neutral,research data may include code,No,
European Journal of Soil Science,Mandated,,Encouraged,,No,
Evolution,Mandated,,Mandated,,No,
Evolution Letters,Mandated,,Mandated,,No,
Evolutionary Journal of the Linnean Society,Mandated,,Mandated,,No,
Freshwater Science,Encouraged,,Encouraged,,No,
Frontiers in Ecology and the Environment,Mandated,,Mandated,,Yes,
Functional Ecology,Mandated,,Neutral,do not require,No,
ICES Journal of Marine Science,Encouraged,,Encouraged,,No,
Integrative and Comparative Biology,Encouraged,,Encouraged,,No,
International Journal of Remote Sensing,Neutral,,No Policy,,No,
Invasive Plant Science and Management,Encouraged,,Encouraged,,No,
Journal of Chemical Ecology,Encouraged,,No Policy,,No,
Journal of Coastal Research,Neutral,may be asked,No Policy,,No,
Journal of Ecohydraulics,Encouraged,,No Policy,,No,
Journal of Ecology,Mandated,,Encouraged,should,No,
Journal of Economic Entomology,Encouraged,,Encouraged,,No,
Journal of Evolutionary Biology,Mandated,,Encouraged,,Yes,
Journal of Mammalian Evolution,Encouraged,,No Policy,,No,
Journal of Pollination Ecology,Encouraged,,No Policy,,No,
Journal of Sustainable Agriculture and Environment,Mandated,,No Policy,,No,
Journal of Threatened Taxa,Encouraged,,No Policy,,No,
Journal of Vegetation Science,Mandated,,Encouraged,,No,
Journal of Wildlife Management,Mandated,expects,Encouraged,editorial policy,No,
Landscape Ecology,Encouraged,strongly encourage,No Policy,,No,
Nature Sciences Societes,No Policy,,No Policy,,No,
NeoBiota,Encouraged,,No Policy,,No,
New Zealand Journal of Ecology,Neutral,,Neutral,,No,
Oikos,Mandated,,Mandated,,No,
Organisms Diversity & Evolution,Encouraged,,No Policy,Doesnt talk about sharing,No,
Pedosphere,Neutral,mentions,No Policy,,No,
People & Nature,Mandated,,Neutral,do not require,No,
Phytobiomes Journal,No Policy,,No Policy,,No,
Plant Ecology and Evolution,Encouraged,,No Policy,,No,
Polish Journal of Ecology,Mandated,,Mandated,,No,
Population Ecology,Encouraged,,Encouraged,,No,
Proceedings of the Royal Society B,Mandated,,Mandated,,Yes,
Remote Sensing in Ecology and Conservation,Mandated,,Encouraged,,No,
Systematic Biology,Mandated,,Mandated,,No,
Taxon,Neutral,not required fopr all data types,Neutral,mentions,No,IAPT Chromosome Data Editor is a specific article type
Tropical Ecology,No Policy,no obvious link to publisher,No Policy,,No,
Urban Ecosystems,Encouraged,,No Policy,,No,
Vegetation Classification and Survey,Mandated,,Encouraged,should be,No,
Web Ecology,Encouraged,,Encouraged,,No,
Weed Research,Mandated,,No Policy,,No,
Wetland Science and Practice,No Policy,,No Policy,,No,
Wetlands,Encouraged,,No Policy,Doesnt talk about sharing,No,
Wildlife Biology,Mandated,,Mandated,,No,
Zoological Journal of the Linnean Society,Mandated,,Mandated,,No,
African Journal of Ecology,Mandated,expects,Encouraged,should be,No,
Ecological Solutions & Evidence,Mandated,,Neutral,do not require,No,
Journal of Applied Ecology,Mandated,,Neutral,do not require,No,
Personality and Individual Differences,Mandated,required,Neutral,gives you the opportunity ,No,
Restoration Ecology,Mandated,expects,Encouraged,encourage,No,
Conservation Physiology,Encouraged,,Encouraged,encourage,No,
Frontiers of Biogeography,Encouraged,encourage,Neutral,mentions,No,
Hormones and Behavior,Encouraged,,Neutral,research data may include code,No,stats editor is not a data editor
Wildlife Society Bulletin,Mandated,expects,No Policy,,No,